-- phpMyAdmin SQL Dump
-- version 5.1.1
-- https://www.phpmyadmin.net/
--
-- Host: 127.0.0.1
-- Waktu pembuatan: 18 Nov 2021 pada 14.12
-- Versi server: 10.4.20-MariaDB
-- Versi PHP: 7.3.29

SET SQL_MODE = "NO_AUTO_VALUE_ON_ZERO";
START TRANSACTION;
SET time_zone = "+00:00";


/*!40101 SET @OLD_CHARACTER_SET_CLIENT=@@CHARACTER_SET_CLIENT */;
/*!40101 SET @OLD_CHARACTER_SET_RESULTS=@@CHARACTER_SET_RESULTS */;
/*!40101 SET @OLD_COLLATION_CONNECTION=@@COLLATION_CONNECTION */;
/*!40101 SET NAMES utf8mb4 */;

--
-- Database: `pemilu`
--

-- --------------------------------------------------------

--
-- Struktur dari tabel `admin`
--

CREATE TABLE `admin` (
  `id_admin` int(11) NOT NULL,
  `username` varchar(50) NOT NULL,
  `kata_sandi` varchar(50) NOT NULL
) ENGINE=InnoDB DEFAULT CHARSET=utf8mb4;

--
-- Dumping data untuk tabel `admin`
--

INSERT INTO `admin` (`id_admin`, `username`, `kata_sandi`) VALUES
(1, 'admin', '4c461547d9bfcf725a16405dd17be1be');

-- --------------------------------------------------------

--
-- Struktur dari tabel `bilik`
--

CREATE TABLE `bilik` (
  `id_bilik` int(11) NOT NULL,
  `nm_bilik` varchar(15) NOT NULL,
  `pwd` varchar(100) NOT NULL,
  `colour` varchar(100) NOT NULL
) ENGINE=InnoDB DEFAULT CHARSET=utf8mb4;

--
-- Dumping data untuk tabel `bilik`
--

INSERT INTO `bilik` (`id_bilik`, `nm_bilik`, `pwd`, `colour`) VALUES
(1, 'bilik1', '4c461547d9bfcf725a16405dd17be1be', 'violet'),
(2, 'bilik2', '4c461547d9bfcf725a16405dd17be1be', 'yellowgreen'),
(3, 'bilik3', '4c461547d9bfcf725a16405dd17be1be', 'skyblue'),
(4, 'bilik4', '4c461547d9bfcf725a16405dd17be1be', 'orange');

-- --------------------------------------------------------

--
-- Struktur dari tabel `dpt`
--

CREATE TABLE `dpt` (
  `id_dpt` int(11) NOT NULL,
  `nm_dpt` varchar(30) NOT NULL,
  `id_kelas` int(11) NOT NULL,
  `status` int(5) NOT NULL,
  `antrian` int(11) NOT NULL
) ENGINE=InnoDB DEFAULT CHARSET=utf8mb4;

--
-- Dumping data untuk tabel `dpt`
--

INSERT INTO `dpt` (`id_dpt`, `nm_dpt`, `id_kelas`, `status`, `antrian`) VALUES
(19200002, 'ABU DZAR GHIFARI', 20, 0, 0),
(19200003, 'ALDY AZHARI', 20, 0, 0),
(19200004, 'AMANDA FAHRADIANA EISAH MAHARA', 20, 0, 0),
(19200005, 'ANDIKA JANU ALKARIS', 20, 0, 0),
(19200006, 'ANGGUN DIVA JOVANKA', 20, 0, 0),
(19200008, 'DIMAS DARYANA', 20, 0, 0),
(19200009, 'DENDI KURNIAWAN', 20, 0, 0),
(19200010, 'DWIKY AHMAD DARMADI ', 20, 0, 0),
(19200012, 'FAJRI NUR ALFIAN', 20, 0, 0),
(19200013, 'FERDY SALSABILLA', 20, 0, 0),
(19200015, 'IKHZARUL FATH-TIAR CARELLA', 20, 0, 0),
(19200016, 'JASMINE INDHIRA AGHIVANI', 20, 0, 0),
(19200017, 'GILANG RAFI PAJRIYANSAH', 20, 0, 0),
(19200018, 'MOCHAMMAD RIFKY BACHTIAR', 20, 0, 0),
(19200019, 'MUHAMAD AFIF BRILIANSYAH', 20, 0, 0),
(19200020, 'MUHAMAD FIKRI AMRULLOH', 20, 0, 0),
(19200021, 'MUHAMMAD AZKA SASTRA WIJAYA', 20, 0, 0),
(19200022, 'MOHAMMAD FABIO RAYHAN', 20, 0, 0),
(19200023, 'MUHAMMAD RAIHAN', 20, 0, 0),
(19200024, 'MUHAMMAD WISNU PRASETYA UTAMA', 20, 0, 0),
(19200025, 'MUSHTHOFA ZAIN SUGENG', 20, 0, 0),
(19200026, 'NAMIRA NINDYA FITRI', 20, 0, 0),
(19200027, 'NAZIRA APRILIANI ROSYADI', 20, 0, 0),
(19200028, 'PRATAMA SANDY AGUNG WIBOWO', 20, 0, 0),
(19200029, 'RAIFAN APRILIANO RAGIL', 20, 0, 0),
(19200030, 'RAMADHAN NOVRY TIANTO MARESA P', 20, 0, 0),
(19200031, 'RIZKI FADILLAH RAMADHAN', 20, 0, 0),
(19200032, 'ABIMANYU FAHRUDIN QOIS', 21, 0, 19),
(19200033, 'AGIL PRASETYO', 21, 0, 0),
(19200034, 'ALWIM AFTA FIJAYA', 21, 0, 24),
(19200035, 'ANANDA DAFFA IZHAR', 21, 0, 0),
(19200036, 'ARIQ RAFIANDI HAZNOV', 21, 0, 21),
(19200037, 'DIMAS AGUNG WIBOWO', 21, 0, 0),
(19200038, 'FADHIL NUR ROCHIM', 21, 0, 0),
(19200039, 'FATHURACHMAN ADHA', 21, 0, 0),
(19200041, 'HOLIP PATULLAH', 21, 0, 0),
(19200042, 'ILHAM MAULANA', 21, 0, 0),
(19200043, 'KRISNA AJI KURNIAWAN', 21, 0, 0),
(19200044, 'MUHAMMAD RIZKY HIDAYATULLAH', 21, 0, 0),
(19200045, 'MOHAMMAD ABYAN RAMY ARSYAD', 21, 0, 22),
(19200046, 'MUHAMAD FARHAN', 21, 0, 0),
(19200047, 'MUHAMAD ILHAM DARMAWAN', 21, 0, 0),
(19200048, 'MUHAMMAD MAULA ALBI BADA LAWA', 21, 0, 0),
(19200049, 'MUHAMMAD DHIA RAMY', 21, 0, 0),
(19200052, 'MUHAMMAD YUSUF SYARIFUDIN', 21, 0, 0),
(19200053, 'NURKHOLIS ', 21, 0, 0),
(19200054, 'RAFLI KASYFIL AZIZ', 21, 0, 0),
(19200055, 'RAFLY RANGGA ADI PURNAMA', 21, 0, 0),
(19200056, 'RAIHAN FARID BURMAN FAHREZA', 21, 0, 0),
(19200057, 'RAIHAN FIRDAUS HELMY', 21, 0, 0),
(19200059, 'RIDWAN SYAFIQ', 21, 0, 0),
(19200060, 'RIZKY SYAHRIRAMADHAN', 21, 0, 0),
(19200062, 'TUBAGUS AHMAD MAULID RAHMANSYA', 21, 0, 0),
(19200063, 'ZAENAL DWI MUSTOFA', 21, 0, 0),
(19200064, 'ANISA DWI WULANDARI', 14, 0, 0),
(19200065, 'AZZURANIA ASYA TSURAYA', 14, 0, 0),
(19200066, 'DIAN NITA KAMALIA', 14, 0, 0),
(19200067, 'DIVIA ALIYANA', 14, 0, 0),
(19200068, 'EVAH', 14, 0, 0),
(19200069, 'FARAH ADELIA DEWINTA', 14, 0, 0),
(19200070, 'HANIFAH FATHUR RAHMAH', 14, 0, 0),
(19200071, 'KUNI HANIFAH', 14, 0, 0),
(19200072, 'MAULYDIA SAFITRI', 14, 0, 0),
(19200073, 'MUHAMAD GILANG ANIMUS', 14, 0, 0),
(19200074, 'MUHAMMAD FAIZ', 14, 0, 0),
(19200075, 'MUHAMMAD NABIL UBAIDILAH', 14, 0, 0),
(19200076, 'NURASSYIFA FEBRIYANI', 14, 0, 0),
(19200077, 'RACHMAD ARYO SYA\'BANI', 14, 0, 0),
(19200078, 'SHEILA AZIZAH AFWANDI', 14, 0, 0),
(19200079, 'SILMA AGHNIYA LATIFATUL ISYAR', 14, 0, 0),
(19200080, 'SITI AMALIA NURUL HANIFA', 14, 0, 0),
(19200081, 'SULHIKMAH SIREGAR', 14, 0, 0),
(19200082, 'UJIANTI EPRILIA PUTRI', 14, 0, 0),
(19200083, 'YULISA', 14, 0, 0),
(19200084, 'ALGA AMELIANA', 15, 0, 0),
(19200085, 'AQILLA GUSARIAN', 15, 0, 0),
(19200086, 'DELA ADIYA', 15, 0, 0),
(19200087, 'DINA NOFITA', 15, 0, 0),
(19200088, 'EVI FEBRIANI', 15, 0, 0),
(19200089, 'FATMA RAHMAYANI', 15, 0, 0),
(19200090, 'HELMALIA SAHARA', 15, 0, 0),
(19200091, 'INTAN PURNAMA DEWI', 15, 0, 0),
(19200092, 'LISNA INDRIYENI', 15, 0, 0),
(19200093, 'MUHAMAD FAUZAN ADZDZIKRI', 15, 0, 0),
(19200094, 'MUHAMAD SOFWAN GUNAWAN', 15, 0, 0),
(19200095, 'MUHAMMAD HAFIDZ AL FARIZI', 15, 0, 0),
(19200096, 'NADA TAZKIA SYALUM SAHRANI', 15, 0, 0),
(19200097, 'PUTRI LARASATI', 15, 0, 0),
(19200098, 'RAKA HIDAYATULLAH', 15, 0, 0),
(19200099, 'SIFA MAHARAYNI', 15, 0, 0),
(19200100, 'SITI AISAH AINURROHMAH', 15, 0, 0),
(19200101, 'SITI SARAH AMELIA', 15, 0, 0),
(19200102, 'SYAHRANI', 15, 0, 0),
(19200103, 'YUMNAA NUR HAMIDAH LESTARI FAH', 15, 0, 0),
(19200104, 'BINTANG FEBRIANI', 19, 0, 0),
(19200105, 'CHIKA CAHYA FITRI', 19, 0, 0),
(19200106, 'DIAH RENGGANIS', 19, 0, 0),
(19200107, 'EVA ADELIA', 19, 0, 0),
(19200108, 'FATHIA NEHLA AMALINA', 19, 2, 54),
(19200109, 'GHINA PRABASARI TEJO ANITA', 19, 0, 0),
(19200110, 'MOHAMAD DAPA', 19, 0, 0),
(19200111, 'MUHAMMAD FABIANSYAH EFENDI', 19, 0, 0),
(19200112, 'NAZWA AYU RIZKY', 19, 0, 0),
(19200113, 'RAFIFAH DESKA AMANDA', 19, 2, 55),
(19200114, 'RIFAT HAIDAR RAHMAT', 19, 0, 0),
(19200115, 'SINTA DEA AMANDA', 19, 0, 0),
(19200116, 'SUKMA SOFIYANTI', 19, 0, 0),
(19200117, 'YUNI LESTARI SOEWARTO YUSUF', 19, 0, 0),
(19200118, 'ZHAWA AULIA PUTRI APRYANTO', 19, 0, 0),
(19200119, 'SABIRA NURMAESA SYAHPOETRI', 19, 0, 0),
(19200120, 'AL GHINA FITRI', 17, 0, 0),
(19200121, 'ANIS ISTIQOMAH', 17, 0, 0),
(19200122, 'AULIA FITRIYANI', 17, 0, 0),
(19200123, 'CINTA PRADANA PUTRI AL QOMARIA', 17, 0, 0),
(19200124, 'DETINA EUIS NURAINI', 17, 0, 0),
(19200125, 'DIMAS SETO AJI', 17, 0, 0),
(19200127, 'ECA MONIKA', 17, 0, 0),
(19200128, 'ERLINDA EKA LIANA', 17, 0, 0),
(19200129, 'EUIS MELINA', 17, 0, 0),
(19200130, 'HAERUL NASRUDIN', 17, 0, 0),
(19200131, 'INDAH PERMATA SARI', 17, 0, 0),
(19200132, 'INTAN WULAN SARI', 17, 0, 0),
(19200133, 'KHARMELIA HANIFA', 17, 0, 0),
(19200134, 'MARSANDA', 17, 0, 0),
(19200135, 'MARSHA NADYA LOVELINDA', 17, 0, 0),
(19200136, 'NABILLA GHASANY PUTRI', 17, 0, 0),
(19200137, 'NADIA MELANI', 17, 0, 0),
(19200138, 'NAILA AINUN NAJMA', 17, 0, 0),
(19200139, 'NATASYA SALSABILA', 17, 0, 0),
(19200140, 'NUR AINI IQOMAH', 17, 0, 0),
(19200141, 'QUTHRATUN NADA RAMDINI', 17, 0, 0),
(19200142, 'RIDHA NURHIDAYAH', 17, 0, 0),
(19200143, 'ROHANI', 17, 0, 0),
(19200144, 'SITI NURAZIZAH', 17, 0, 0),
(19200146, 'YUNI SUMARNI', 17, 0, 0),
(19200147, 'ZYAHRA WAHYU SELLAWATI', 17, 0, 0),
(19200148, 'ANGGRAINI', 18, 0, 0),
(19200149, 'ANISA', 18, 0, 0),
(19200150, 'AYU RAHMAYANTI', 18, 0, 0),
(19200151, 'DILLA PUSPITA', 18, 0, 0),
(19200152, 'DWIKA SYAHPUTRI', 18, 0, 0),
(19200153, 'EKA DAMAYANTI', 18, 0, 0),
(19200154, 'ERSYA PUTRI LESTARI', 18, 0, 0),
(19200155, 'FATIMAH AZZAHRA', 18, 0, 0),
(19200156, 'HERLINA', 18, 0, 0),
(19200157, 'INTAN RAHMAWATI', 18, 0, 0),
(19200158, 'KHARISMA YUNIAR', 18, 0, 0),
(19200159, 'MAEVA WULANDARI', 18, 0, 0),
(19200160, 'MARSHANDA ASRA NURBINA', 18, 0, 0),
(19200161, 'MARSYA DAMAYANTI', 18, 0, 0),
(19200162, 'NABILAH', 18, 0, 0),
(19200163, 'NADILLAH', 18, 0, 0),
(19200165, 'NIKEN NURSYIFA', 18, 0, 0),
(19200166, 'QEYSYA AEIBA THOHIR', 18, 0, 0),
(19200167, 'REGINA TISA RUDIANTO', 18, 0, 0),
(19200168, 'RISKA RAMADHANI GUNAWAN', 18, 0, 0),
(19200169, 'SALSA BILAH', 18, 0, 0),
(19200170, 'SARMILA', 18, 0, 0),
(19200171, 'SHILFANI INDRI', 18, 0, 0),
(19200172, 'SITI NURHODIJAH', 18, 0, 0),
(19200173, 'SITI ROSITA', 18, 0, 0),
(19200174, 'VIDYADHARA PUTRI LEZY', 18, 0, 0),
(19200175, 'WULANDARI', 18, 0, 0),
(19200176, 'ZHYANKHA ZHYQRHY SPORTUNA', 18, 0, 0),
(19200177, 'AGUNG PUTRA GUMELAR', 16, 0, 0),
(19200178, 'AHMAD ASAUQI AL FARIZI', 16, 0, 0),
(19200179, 'ALFHARIZI', 16, 0, 0),
(19200180, 'AZIS', 16, 0, 0),
(19200181, 'BAGAS RAMADHAN HAKIM', 16, 0, 0),
(19200182, 'CAHAYA JULI CARNESIA', 16, 0, 0),
(19200184, 'DAMAR FADILLAH HAQIM', 16, 0, 0),
(19200185, 'FADLI RAKHA ABIMANYU', 16, 0, 0),
(19200186, 'FARAH ATHAILLAH ALAULA', 16, 0, 0),
(19200187, 'FARIS JANUAR', 16, 0, 0),
(19200188, 'KENCANA FITRIANTO SYAWAL', 16, 0, 0),
(19200189, 'KHOIRUL FIRMANSYAH', 16, 0, 0),
(19200190, 'MEI PUTRI HERAWATI', 16, 0, 0),
(19200191, 'MUHAMMAD RAFI\'I YUDHONO', 16, 0, 0),
(19200192, 'MUHAMAD RIFALDI', 16, 0, 0),
(19200193, 'MULYA SAHNUN NASUTION', 16, 0, 0),
(19200194, 'NUR ALLEN FAUJIAH', 16, 0, 0),
(19200195, 'NURFADILAH', 16, 0, 0),
(19200196, 'PUTRA RAMADHAN', 16, 0, 0),
(19200197, 'REIHAN BAYU SAPUTRO', 16, 0, 0),
(19200198, 'RIFALDI AKBAR', 16, 0, 0),
(19200201, 'VAREZ WIDHARTO MAHDI', 16, 0, 0),
(19200203, 'ZAKI ADI FIRANSYAH', 16, 0, 0),
(19200204, 'JULIO WIJAYA', 20, 0, 0),
(19200205, 'FARHAN SALEH', 16, 0, 0),
(19200206, 'TIARA AGHNA SALSABILA', 16, 0, 0),
(19200207, 'DENIS ANGGARA', 20, 0, 0),
(19200208, 'MUHAMMAD RENDY DWIYANSYAH', 16, 0, 0),
(19200209, 'ERLANGGA', 20, 0, 0),
(19200210, 'ATISAH', 16, 0, 0),
(19200211, 'BERLIANO NUR ALAMSYAH', 14, 0, 0),
(20210001, 'ABDI BINTANG NANDA AZMI', 12, 0, 0),
(20210002, 'ADIK HAYUN KARIM', 12, 0, 0),
(20210003, 'AHMAD NAUFAL RAMDHANI', 12, 0, 0),
(20210004, 'ARIK ARMADIAS YUNUR', 12, 0, 0),
(20210005, 'AURA INDRI APRILIA', 12, 0, 0),
(20210007, 'DIAN ARIKA SEPTIANA', 12, 0, 0),
(20210008, 'DWIKI FAHLEVI', 12, 0, 0),
(20210009, 'FATHIYA NURUL ILMI', 12, 0, 0),
(20210010, 'HAVID ADDRIANO PURNOMO', 12, 0, 0),
(20210011, 'MUHAMAD ALIF FEBRIANTO', 12, 0, 0),
(20210012, 'MUHAMAD FAIZ ABDILLAH', 12, 0, 0),
(20210013, 'MUHAMAD TEGGAR FEBRIANSYAH', 12, 0, 0),
(20210014, 'MUHAMAD HARDIANSYAH', 12, 0, 0),
(20210015, 'MUHAMMAD IKHSAN TRIANDA BASKAR', 12, 0, 0),
(20210016, 'MUHAMMAD RAJASWA RAIHANU BHAMA', 12, 0, 0),
(20210017, 'NILA SARI', 12, 0, 0),
(20210018, 'RIDO DWI SANG AJI', 12, 0, 0),
(20210019, 'SACHIO NABHAN SYAHRUL', 12, 0, 0),
(20210020, 'SITI IPADDIAH', 12, 0, 0),
(20210022, 'ULWAN KABIRO', 12, 0, 0),
(20210023, 'ABDYASYA RATZINGER KAHULUBI', 13, 0, 0),
(20210024, 'ADITIA SAPUTRA', 13, 0, 0),
(20210025, 'AHMAD NUR BARISKI', 13, 0, 0),
(20210026, 'ARYO MAULANA PUTRA', 13, 0, 0),
(20210027, 'AZZAM MAKARIMUS SILMI', 13, 0, 0),
(20210029, 'DIMAS PRATAMA', 13, 0, 0),
(20210030, 'DZIKRI KAMIL', 13, 0, 0),
(20210031, 'FIQRI ALBUQORI', 12, 0, 0),
(20210032, 'JUSUF HERLAMBANG HERDIYANA', 13, 0, 0),
(20210033, 'MUHAMAD AULIA RIFKI', 13, 0, 0),
(20210034, 'MUHAMAD RIZKY TAUFIK HIDAYAH', 13, 0, 0),
(20210036, 'MUHAMMAD HAYYI FAHREZA', 13, 0, 0),
(20210037, 'MUHAMMAD RAFIE GUNAWAN', 13, 0, 0),
(20210038, 'NABIL LATHIF', 13, 0, 0),
(20210039, 'RIDHO ALI SIBOANTUA HASIBUAN', 13, 0, 0),
(20210040, 'RIFKY MIFTAHUL PAZRI', 13, 0, 0),
(20210041, 'TUBAGUS ACHMAD FAZRI RAMADHANI', 13, 0, 0),
(20210042, 'WENGKY ARVANKY', 13, 0, 0),
(20210043, 'WILDAN HANIF ANDHIWINATA', 13, 0, 0),
(20210044, 'ZAKI ZAINUL MUTTAQIN', 13, 0, 0),
(20210046, 'ALVINA AGUSTINA', 8, 0, 0),
(20210047, 'ANGGI SETIAWAN', 8, 0, 0),
(20210048, 'APRILIA FAUZIAH', 8, 0, 0),
(20210049, 'AZZAH SARAH AMELIA', 8, 0, 0),
(20210050, 'DEA ANANDA', 8, 0, 0),
(20210051, 'DESI NUR AINI', 8, 0, 0),
(20210052, 'FEMI MAULIDDIA AMANDA', 8, 0, 0),
(20210053, 'FRIDA RAHMAWATI', 8, 0, 0),
(20210054, 'HASNAA\' LUTHFIYAH', 8, 0, 0),
(20210055, 'MARIATUL QIBTIYAH', 8, 0, 0),
(20210056, 'MUHAMMAD CHAIRUL ANAM', 8, 0, 0),
(20210057, 'MUHAMMAD AKBAR', 8, 0, 0),
(20210058, 'MUTIARA NINGSIH', 8, 0, 0),
(20210059, 'NURLAILA', 8, 0, 0),
(20210060, 'RAGIB GINANDA', 8, 0, 0),
(20210061, 'RAHMAWATI', 8, 0, 0),
(20210062, 'RIFANDI RIKI MUHAMAD PRASTYO', 8, 0, 0),
(20210063, 'ROISA ROZAN LAILATUDDINI', 8, 0, 0),
(20210064, 'SAIFUL FATZLI', 8, 0, 0),
(20210065, 'SALMA SEPTIANI', 8, 0, 0),
(20210066, 'SAVIO INDRA PARAMASTANI', 8, 0, 0),
(20210067, 'SILVANA', 8, 0, 0),
(20210068, 'SITI AISYAH', 8, 0, 0),
(20210069, 'TAZKIA SALMA SYAHBILA', 8, 0, 0),
(20210070, 'TESHA NURFAJAR RINI', 8, 0, 0),
(20210071, 'AISAH AMELIA SUSILOWATI', 7, 0, 0),
(20210072, 'AMANATUL MUHKAMAAT', 8, 0, 0),
(20210074, 'ANISA ZAHRA ', 7, 0, 0),
(20210075, 'AVITA LESTARI', 8, 0, 0),
(20210076, 'AZRA SYIFA RIANDA', 7, 0, 0),
(20210078, 'CAHYA SUSILOWATI', 7, 0, 0),
(20210079, 'DIMAS ADYTIA', 7, 0, 0),
(20210080, 'DWI ANISA RAHMA', 8, 0, 0),
(20210081, 'FITRI WULANDARI', 8, 0, 0),
(20210082, 'HAFIDZATUL LUTFIYAH', 7, 0, 0),
(20210083, 'HANUN NAFA', 8, 0, 0),
(20210085, 'KANAYA BRYLLIAN QUEENSYAH', 8, 0, 0),
(20210086, 'MOH HASAN SYAUKANI', 8, 0, 0),
(20210087, 'MUHAMAD ZAINAL ARIFIN', 8, 0, 0),
(20210088, 'MUHAMMAD FARHAN', 8, 0, 0),
(20210089, 'MUHAMMAD IQBAL AFRIANSYAH', 8, 0, 0),
(20210090, 'MUHAMMAD RAFLI IRSYAD', 8, 0, 0),
(20210091, 'NAURAH CAMELIA CHARISMA', 8, 0, 0),
(20210092, 'NURUL ADZIKYA HASIBUAN', 7, 0, 0),
(20210093, 'PUTRI ALIFIA AZZAHRA', 8, 0, 0),
(20210094, 'QEITBEY ANSHARI', 7, 0, 0),
(20210095, 'SIFA LUNA RAMADHANI', 7, 0, 0),
(20210096, 'SRI RAHAYU', 8, 0, 0),
(20210097, 'ADE NUR HANIFA', 10, 0, 0),
(20210098, 'ANNISA ZAKIRA', 10, 0, 0),
(20210099, 'AZZAHRA MIFTAHUL JANNAH', 10, 0, 0),
(20210100, 'CHAIRUNISA SALSABILA', 10, 0, 0),
(20210101, 'DIMAS ADI PURWANTO', 10, 0, 0),
(20210102, 'DINA VEBY EMILIA', 10, 0, 0),
(20210103, 'DWI RIZKI OKTAVIANI', 10, 0, 0),
(20210104, 'FARAZ TIGANA', 10, 0, 0),
(20210105, 'FATMA AULIA AZ ZAHRA', 10, 0, 0),
(20210106, 'HENNY MAIDA HASIBUAN', 10, 0, 0),
(20210107, 'INTAN SALAMAH', 10, 0, 0),
(20210108, 'KYLA AULIA RAHMA', 10, 0, 0),
(20210109, 'NABILLAH SHAFWAH', 10, 0, 0),
(20210110, 'NOVIA DWI LESTARI', 10, 0, 0),
(20210111, 'NUR ALIAH', 10, 0, 0),
(20210112, 'NURBAENI ANISA', 10, 0, 0),
(20210113, 'NURJANAH', 10, 0, 0),
(20210114, 'RAIKHA DALIMAYANTI', 10, 0, 0),
(20210115, 'RIRIN SAFITRI', 10, 0, 0),
(20210116, 'RISKA KHAERUNNISA', 10, 0, 0),
(20210117, 'SIFA NURAINI', 10, 0, 0),
(20210118, 'TANIA DEA AMANDA', 10, 0, 0),
(20210119, 'YOSANDA PUTRI AFRILIA', 10, 0, 0),
(20210120, 'ADRIYANTI NABILA', 11, 0, 0),
(20210121, 'AINUN KHODIJAH', 11, 0, 0),
(20210122, 'AJENG FATIMATUZZAHROH', 11, 0, 0),
(20210123, 'AYU ANJELI RAHMAWATI', 11, 0, 0),
(20210124, 'BUNGA SISKA SASKIA', 11, 0, 0),
(20210125, 'DHINI INDRIANI', 11, 0, 0),
(20210126, 'EKA NUR JULIANTI', 11, 0, 0),
(20210127, 'ELIN ENJELINA', 11, 0, 0),
(20210128, 'FANISA AMELIA PUTRI', 11, 0, 0),
(20210129, 'FATIMAH ZAHRA', 11, 0, 0),
(20210130, 'FEBRIA DWI IRAWAN', 11, 0, 0),
(20210131, 'INDAH LIVIA PUTRI', 11, 0, 0),
(20210132, 'ISHDA ILAHIA', 11, 0, 0),
(20210133, 'MEYVA INDRIAWAN', 11, 0, 0),
(20210134, 'NABILA RAHMA PUTRI', 11, 0, 0),
(20210135, 'NOVITA MAYASARI', 11, 0, 0),
(20210136, 'NURELIZA JANUARTI', 11, 0, 0),
(20210137, 'NURIYANAH', 11, 0, 0),
(20210138, 'PUTRI MAHARANI', 11, 0, 0),
(20210139, 'RIZKY NAZUA PUTRI', 11, 0, 0),
(20210140, 'SITI IRAWATI', 11, 0, 0),
(20210141, 'UMIE NURDIANA', 11, 0, 0),
(20210142, 'ZULFA FITRIE KARIMA', 11, 0, 0),
(20210143, 'AHMAD RANGGA RAMADHAN', 9, 0, 0),
(20210144, 'AKBAR', 9, 0, 0),
(20210145, 'ALDI MAULANA PUTRA', 9, 0, 0),
(20210146, 'ALIYA LIZANATIN', 9, 0, 0),
(20210147, 'AYUNG SOFI', 9, 0, 0),
(20210148, 'BEN HIDAYAT', 9, 0, 0),
(20210149, 'DIDI ANDRIANTO', 9, 0, 0),
(20210150, 'FAHRIAN AFRIZA', 9, 0, 0),
(20210151, 'FAUZI ABILAH', 9, 0, 0),
(20210152, 'HERI SETIAWAN', 9, 0, 0),
(20210153, 'JIHAD MUJAHIDDIN', 9, 0, 0),
(20210154, 'LUTHFI FADLURROHMAN', 9, 0, 0),
(20210155, 'MOH HUSEIN SYAUKANI', 9, 0, 0),
(20210156, 'MOHAMAD RIZKY', 9, 0, 0),
(20210157, 'M. RIZKY DERMAWAN', 9, 0, 0),
(20210158, 'MUHAMMAD ROUSHAN FIKRI AZ ZUHA', 9, 0, 0),
(20210159, 'MUHAR BACHTIAR', 9, 0, 0),
(20210160, 'RESHAR AKHARI', 9, 0, 0),
(20210161, 'RIDHO JULIANDA KUSNANDAR', 9, 0, 0),
(20210162, 'RIVAN RAMADAN', 9, 0, 0),
(20210163, 'SYABIL MAULANA', 9, 0, 0),
(20210164, 'TEGAR SAPUTRA', 9, 0, 0),
(20210165, 'INTAN WIRASASMITA', 9, 0, 0),
(20210166, 'ANIK WISNU MURTI', 7, 0, 0),
(20210167, 'ARINI ANGGRAENI', 11, 0, 0),
(20210168, 'MUHAMMAD KHAIRI RAMADHAN', 9, 0, 0),
(20210170, 'RAFA RADITHYA INDRAPUTRA', 12, 0, 0),
(20210171, 'IRFAN ADITIA NENDRA', 8, 0, 0),
(20210172, 'TAUFIK NUR RAMADHAN', 13, 0, 0),
(20210173, 'MUHAMAD ILHAM KAMIL', 12, 0, 0),
(20210174, 'MUTIARA KHOIRUNISSYA FERADIKA ', 8, 0, 0),
(20210175, 'M. TAUFIK FADILLAH ILHAM', 13, 0, 0),
(20210176, 'MUHAMMAD RAFFLI NURSYABAN', 12, 0, 0),
(21220001, 'ADE IQBAL SAPUTRA', 5, 0, 0),
(21220002, 'AHMAD REZHA MAULANA', 5, 0, 0),
(21220003, 'ANDIKA AZARULLY', 5, 0, 0),
(21220004, 'ANJAB NAUFAL SATRIO', 5, 0, 0),
(21220005, 'BISMO ADITYA WARDHANA', 5, 0, 0),
(21220006, 'CHARLIE', 5, 0, 0),
(21220007, 'DIO ALIF FIRMANSYAH', 5, 0, 0),
(21220008, 'DZIBRAN AFIF SETIAWAN', 5, 0, 0),
(21220009, 'ERLANGGA ARYA RAMADHAN', 5, 0, 0),
(21220010, 'FAISA RISQULAH PRADIPA', 5, 0, 0),
(21220011, 'FAUZAN GHAMAL AKBAR', 5, 0, 0),
(21220012, 'HABIBI ALFARIZI', 5, 0, 0),
(21220013, 'HAFIZHA SHIDIQ', 5, 0, 0),
(21220014, 'KHAISAN RAMZI MUZHAFFAR', 5, 0, 0),
(21220015, 'MUHAMMAD ALFARIZ SYAHQI', 5, 0, 0),
(21220016, 'MUHAMMAD RAFFA', 5, 0, 0),
(21220017, 'MUHAMMAD RAFIF', 5, 0, 0),
(21220018, 'MUHAMMAD YANDHI PRATAMA GLIAZZ', 5, 0, 0),
(21220019, 'RADITYA ICHWANSYAH', 5, 0, 0),
(21220020, 'RAFA ADI SAPUTRA', 5, 0, 0),
(21220021, 'RANGGA KHAIRY', 5, 0, 0),
(21220022, 'RAYNALDI SATYAPUTRA', 5, 0, 0),
(21220023, 'RESTU DWI SATRIA', 5, 0, 0),
(21220024, 'RIDWAN YOGA PAMUNGKAS', 5, 0, 0),
(21220025, 'RYU BARENA', 5, 0, 0),
(21220026, 'SYAIKHUL HADIST MAULANA', 5, 0, 0),
(21220027, 'ZACKY ARYO MUKTI', 5, 0, 0),
(21220028, 'AFIF ARKANSYAH', 6, 0, 0),
(21220029, 'ANARGYA PRABASWARA SASMITO', 6, 0, 0),
(21220030, 'ANGGORO JATI PRATIKTO', 6, 0, 0),
(21220031, 'AZKA ABDILFIDA', 6, 0, 0),
(21220032, 'BUMI ABDUL JABBAR AHNAF', 6, 0, 0),
(21220033, 'CHOSYI BAGAS PRATAMA', 6, 0, 0),
(21220034, 'DAVI PUTRA PRATAMA', 6, 0, 0),
(21220035, 'DAVID MAULANA IBRAHIM', 6, 0, 0),
(21220036, 'DZERMI JILHAM SUANDI', 6, 0, 0),
(21220037, 'ELSA ARIDHA RACHMAN', 6, 0, 0),
(21220038, 'FADILLAH RIZQI FAUZAN', 6, 0, 0),
(21220039, 'FAKHRI WAHYU INSANI', 6, 0, 0),
(21220041, 'HADI PHURNAMA PEBRYANDIKA', 6, 0, 0),
(21220042, 'ILHAM HAIKAL ANWAR', 6, 0, 0),
(21220043, 'MOHAMAD IHRAM', 6, 0, 0),
(21220044, 'MUHAMMAD GHAZA AZ DZIKRA', 6, 0, 0),
(21220045, 'MUHAMMAD IQRAM FATHURRAHMAN', 6, 0, 0),
(21220046, 'MUHAMMAD LOEISE GHARCYA', 6, 0, 0),
(21220047, 'RACHMAT SYARIFUDIN', 6, 0, 0),
(21220048, 'RAFA PRAYATA RAKI PUTRA', 6, 0, 0),
(21220049, 'RIDHO FIRMANSYAH', 6, 0, 0),
(21220050, 'RIZKY MUHAMMAD RIDWANSYAH', 6, 0, 0),
(21220051, 'SURYA RIZKY MAULANA IBRAHIM', 6, 0, 0),
(21220052, 'TYSHAR MARDIANSYAH', 6, 0, 0),
(21220053, 'ZAHRINA ATHIRAH PUTRI', 6, 0, 0),
(21220054, 'ALFIA RAHMAH', 3, 0, 0),
(21220055, 'ALIFA KHAIRUNNISA', 3, 0, 0),
(21220056, 'ALYA NADIYAH', 3, 0, 0),
(21220057, 'AMELIA PUTRI', 3, 0, 0),
(21220058, 'DESTI SULIS AGUSTIN', 3, 0, 0),
(21220059, 'DINDA AULIANI', 3, 0, 0),
(21220060, 'DWI PUTRI LESTARI', 3, 0, 0),
(21220061, 'KEISYA NUR FAZRYANA', 3, 0, 0),
(21220062, 'KHEIRAISHA TIDHIA PUTRI', 3, 0, 0),
(21220063, 'NABILA AMALIAH', 3, 0, 0),
(21220064, 'NIHAYATUL HUSNAH', 3, 0, 0),
(21220065, 'NOVA ANGGRAINI', 3, 0, 0),
(21220066, 'NUR CAMELIA', 3, 0, 0),
(21220067, 'REDITHA MAHESWARI ZAHRA', 3, 0, 0),
(21220068, 'SABRINA BIAN MAULANA', 3, 0, 0),
(21220069, 'SALSABILA', 3, 0, 0),
(21220070, 'SITI JAMILA SEPTIYANI', 3, 0, 0),
(21220071, 'URAY ZASHANTI MAULIDA FATIMAH', 3, 0, 0),
(21220072, 'VINKAN RAMADHANI', 3, 0, 0),
(21220073, 'ZAHRA MEIDINA CANIAGO', 3, 0, 0),
(21220074, 'ALFIRA FATI RAHMA', 4, 0, 0),
(21220075, 'ALISTIANA AZAHRA', 4, 0, 0),
(21220076, 'ALYA NURSAFITRI', 4, 0, 0),
(21220077, 'ANGGI ANGGRAINI', 4, 0, 0),
(21220078, 'FERA APRILIA SULISTIAWATI', 4, 0, 0),
(21220079, 'GEA MARSHA AUREL', 4, 0, 0),
(21220080, 'GILANG ANDRIYANI', 4, 0, 0),
(21220081, 'LULUSYIA KHAYYIRAH', 4, 0, 0),
(21220082, 'NAILAH TRI SAFARAH', 4, 0, 0),
(21220083, 'NIKEN PUTRI PRIANTO', 4, 0, 0),
(21220084, 'NOVI AULIA LUBIS', 4, 0, 0),
(21220085, 'RAHMAH WARTIKA', 4, 0, 0),
(21220086, 'RIZKA AULIA', 4, 0, 0),
(21220087, 'SAKINAH NURUL LUTFIA', 4, 0, 0),
(21220089, 'TINAH MULYANAH', 4, 0, 0),
(21220090, 'VALIANA SYIFA ANGRAINI', 4, 0, 0),
(21220091, 'WAFA AULIA', 4, 0, 0),
(21220092, 'ZAHWA NURFATIMAH', 4, 0, 0),
(21220093, 'ADELLIA PUTRI FEBRIANI', 1, 2, 47),
(21220094, 'ANJANI AULIA AZZAHRA', 1, 2, 48),
(21220095, 'AZIZATUL ATFIAH', 1, 2, 49),
(21220096, 'CARISSA NADINE ANNAJWA', 1, 2, 50),
(21220097, 'DAWAS SUKMA SOLEH', 1, 2, 51),
(21220098, 'DELLYNA ANDIENI NUR ALMA', 1, 2, 52),
(21220099, 'DWI ANNISA RAMADHANI', 1, 2, 58),
(21220101, 'FANIA OKTAFIANA ROBIHAINI', 1, 2, 57),
(21220102, 'FATHIA RAHMA AULIA', 1, 2, 59),
(21220103, 'HALIZA JUNIANA MECCA', 1, 2, 60),
(21220104, 'KENNYA KAMAL', 1, 0, 0),
(21220105, 'KHAILLA EVA ARIYANTO', 1, 0, 0),
(21220106, 'KHOIRUN NISA', 1, 0, 0),
(21220107, 'MAYANG FAUNI AMALIA', 1, 0, 0),
(21220108, 'MUHAMAD RIFQI MAULANA', 1, 0, 0),
(21220110, 'MUHAMMAD AZIZ MULATO', 1, 0, 0),
(21220111, 'MUWAHIDATUL HASANAH', 1, 0, 0),
(21220112, 'NAILA PUTRI AZAHRA', 1, 0, 0),
(21220113, 'NANDA ARIFA MAULA', 6, 0, 0),
(21220114, 'NISRINA ADIVA MADA', 1, 0, 0),
(21220115, 'PUTRI NUR RAMADHANI', 1, 0, 0),
(21220116, 'RADITA KARASWATI', 1, 0, 0),
(21220117, 'RIKA RAHMA NURMALA', 1, 0, 0),
(21220118, 'SALWA SAPUTRI', 1, 0, 0),
(21220119, 'SATYA ADIL WIJAKSANA', 1, 0, 0),
(21220121, 'ZAHRA NUR AFIQOH', 1, 0, 0),
(21220122, 'ABID FAIZ SHIDQI RABANI', 2, 0, 0),
(21220123, 'ALIFIA PUTI MAHARANI', 2, 0, 0),
(21220124, 'BALDI YAFDHIL ALAM', 2, 0, 0),
(21220125, 'BUNGA SHAKHIRANIA', 2, 0, 0),
(21220126, 'DAMAR', 2, 0, 0),
(21220127, 'DURROH ARIFIN ILHAAM', 2, 0, 0),
(21220128, 'HAVI AFJULIS KHOIRUMAN', 2, 0, 0),
(21220129, 'JAUHARAH NUR ADZRA SALSABILLAH', 2, 0, 0),
(21220130, 'KURNIA FAJAR PUTRA PAMUNGKAS', 2, 0, 0),
(21220131, 'MUHAMAD FAJRI', 2, 0, 0),
(21220132, 'MUHAMMAD RIFKI', 2, 0, 0),
(21220133, 'MUHAMMAD RIZKI', 2, 0, 0),
(21220134, 'SALWA SALSABILLAH HASBI', 2, 0, 0),
(21220135, 'SELIN YUDISTIA RAMADANI', 2, 0, 0),
(21220136, 'TIAR ALBANI AKSA', 2, 0, 0),
(21220137, 'AVERROES ABDURRAHMAN', 2, 0, 0),
(21220138, 'DIEN PASCAL MUHAMMAD', 5, 0, 0),
(21220139, 'TIARA AYUNING TYAS', 1, 0, 0),
(21220140, 'ZAHRA AURELLIA', 2, 0, 0),
(21220141, 'RIDHO AJI HANDOYO', 1, 0, 0),
(21220142, 'ZACKY RAMADHAN ATTAQQI', 4, 0, 0),
(21220143, 'BINTANG LESTARI', 1, 0, 0);

-- --------------------------------------------------------

--
-- Struktur dari tabel `kelas`
--

CREATE TABLE `kelas` (
  `id_kelas` int(11) NOT NULL,
  `nm_kelas` varchar(10) NOT NULL
) ENGINE=InnoDB DEFAULT CHARSET=utf8mb4;

--
-- Dumping data untuk tabel `kelas`
--

INSERT INTO `kelas` (`id_kelas`, `nm_kelas`) VALUES
(1, '10 AKL'),
(2, '10 BDP'),
(3, '10 OTKP 1'),
(4, '10 OTKP 2'),
(5, '10 RPL 1'),
(6, '10 RPL 2'),
(7, '11 PBS'),
(8, '11 AKL'),
(9, '11 BDP'),
(10, '11 OTKP 1'),
(11, '11 OTKP 2'),
(12, '11 RPL 1'),
(13, '11 RPL 2'),
(14, '12 AKL 1'),
(15, '12 AKL 2'),
(16, '12 BDP'),
(17, '12 OTKP 1'),
(18, '12 OTKP 2'),
(19, '12 PBS'),
(20, '12 RPL 1'),
(21, '12 RPL 2');

-- --------------------------------------------------------

--
-- Struktur dari tabel `paslon`
--

CREATE TABLE `paslon` (
  `id_paslon` int(11) NOT NULL,
  `nm_paslon` varchar(50) NOT NULL,
  `nm_user_paslon` varchar(20) NOT NULL,
  `pwd_paslon` varchar(100) NOT NULL,
  `gambar` varchar(50) NOT NULL
) ENGINE=InnoDB DEFAULT CHARSET=utf8mb4;

--
-- Dumping data untuk tabel `paslon`
--

INSERT INTO `paslon` (`id_paslon`, `nm_paslon`, `nm_user_paslon`, `pwd_paslon`, `gambar`) VALUES
(1, 'Golput', 'golput', '827ccb0eea8a706c4c34a16891f84e7b', ''),
(2, 'M. Raffli Nursya\'ban', 'rehan', '827ccb0eea8a706c4c34a16891f84e7b', 'paslon1.jpg'),
(3, 'Anik Wisnu Murti', 'colis', '827ccb0eea8a706c4c34a16891f84e7b', 'paslon2.jpg'),
(4, 'Naurah Camelia Charisma', 'tbahmad', '5f19d8a4fb56cf970ce9f7053d51ed87', 'paslon3.jpg'),
(5, 'Dimas Adytia', 'zaenaldwi', '69758484e33ca281159231be97271d34', 'paslon4.jpg');

-- --------------------------------------------------------

--
-- Struktur dari tabel `perolehan`
--

CREATE TABLE `perolehan` (
  `id_perolehan` int(11) NOT NULL,
  `id_paslon` int(11) NOT NULL,
  `id_dpt` int(11) NOT NULL,
  `id_bilik` int(11) NOT NULL,
  `aktif` int(2) NOT NULL
) ENGINE=InnoDB DEFAULT CHARSET=utf8mb4;

--
-- Dumping data untuk tabel `perolehan`
--

INSERT INTO `perolehan` (`id_perolehan`, `id_paslon`, `id_dpt`, `id_bilik`, `aktif`) VALUES
(75, 2, 21220093, 1, 0),
(76, 2, 21220094, 2, 0),
(77, 2, 21220095, 3, 0),
(78, 5, 21220096, 4, 0),
(79, 3, 21220097, 1, 0),
(80, 2, 21220098, 1, 0),
(81, 4, 19200108, 2, 0),
(83, 5, 19200113, 2, 0),
(84, 2, 21220101, 4, 0),
(85, 2, 21220099, 3, 0),
(86, 3, 21220102, 3, 0),
(87, 3, 21220103, 3, 0);

--
-- Indexes for dumped tables
--

--
-- Indeks untuk tabel `admin`
--
ALTER TABLE `admin`
  ADD PRIMARY KEY (`id_admin`);

--
-- Indeks untuk tabel `bilik`
--
ALTER TABLE `bilik`
  ADD PRIMARY KEY (`id_bilik`);

--
-- Indeks untuk tabel `dpt`
--
ALTER TABLE `dpt`
  ADD PRIMARY KEY (`id_dpt`),
  ADD KEY `id_kelas` (`id_kelas`) USING BTREE;

--
-- Indeks untuk tabel `kelas`
--
ALTER TABLE `kelas`
  ADD PRIMARY KEY (`id_kelas`);

--
-- Indeks untuk tabel `paslon`
--
ALTER TABLE `paslon`
  ADD PRIMARY KEY (`id_paslon`);

--
-- Indeks untuk tabel `perolehan`
--
ALTER TABLE `perolehan`
  ADD PRIMARY KEY (`id_perolehan`),
  ADD KEY `id_paslon` (`id_paslon`),
  ADD KEY `id_kelas` (`id_dpt`),
  ADD KEY `id_bilik` (`id_bilik`);

--
-- AUTO_INCREMENT untuk tabel yang dibuang
--

--
-- AUTO_INCREMENT untuk tabel `admin`
--
ALTER TABLE `admin`
  MODIFY `id_admin` int(11) NOT NULL AUTO_INCREMENT, AUTO_INCREMENT=2;

--
-- AUTO_INCREMENT untuk tabel `bilik`
--
ALTER TABLE `bilik`
  MODIFY `id_bilik` int(11) NOT NULL AUTO_INCREMENT, AUTO_INCREMENT=5;

--
-- AUTO_INCREMENT untuk tabel `kelas`
--
ALTER TABLE `kelas`
  MODIFY `id_kelas` int(11) NOT NULL AUTO_INCREMENT, AUTO_INCREMENT=22;

--
-- AUTO_INCREMENT untuk tabel `paslon`
--
ALTER TABLE `paslon`
  MODIFY `id_paslon` int(11) NOT NULL AUTO_INCREMENT, AUTO_INCREMENT=6;

--
-- AUTO_INCREMENT untuk tabel `perolehan`
--
ALTER TABLE `perolehan`
  MODIFY `id_perolehan` int(11) NOT NULL AUTO_INCREMENT, AUTO_INCREMENT=88;

--
-- Ketidakleluasaan untuk tabel pelimpahan (Dumped Tables)
--

--
-- Ketidakleluasaan untuk tabel `dpt`
--
ALTER TABLE `dpt`
  ADD CONSTRAINT `dpt_ibfk_1` FOREIGN KEY (`id_kelas`) REFERENCES `kelas` (`id_kelas`) ON DELETE CASCADE ON UPDATE CASCADE;

--
-- Ketidakleluasaan untuk tabel `perolehan`
--
ALTER TABLE `perolehan`
  ADD CONSTRAINT `perolehan_ibfk_1` FOREIGN KEY (`id_paslon`) REFERENCES `paslon` (`id_paslon`) ON DELETE CASCADE ON UPDATE CASCADE,
  ADD CONSTRAINT `perolehan_ibfk_2` FOREIGN KEY (`id_dpt`) REFERENCES `dpt` (`id_dpt`) ON DELETE CASCADE ON UPDATE CASCADE,
  ADD CONSTRAINT `perolehan_ibfk_3` FOREIGN KEY (`id_bilik`) REFERENCES `bilik` (`id_bilik`) ON DELETE CASCADE ON UPDATE CASCADE;
COMMIT;

/*!40101 SET CHARACTER_SET_CLIENT=@OLD_CHARACTER_SET_CLIENT */;
/*!40101 SET CHARACTER_SET_RESULTS=@OLD_CHARACTER_SET_RESULTS */;
/*!40101 SET COLLATION_CONNECTION=@OLD_COLLATION_CONNECTION */;
